http://campus.unibo.it/199694/1/colore.pdf,http://campus.unibo.it/269691/1/colore.pdf,1.0,0.9965872628888873
https://ocw.mit.edu/courses/biology/7-013-introductory-biology-spring-2006/recitations/stemq.pdf,https://ocw.mit.edu/courses/biology/7-012-introduction-to-biology-fall-2004/recitations/stem.pdf,0.9549500034068545,0.9597328945396156
http://campus.unibo.it/204045/1/Lab04.pdf,http://campus.unibo.it/164554/1/Lab04.pdf,1.0,0.9718670076726387
http://campus.unibo.it/259584/1/5.%20HEM%20HS%20external%20funding%202016.pdf,http://campus.unibo.it/309761/1/3.%20HEM%20HS%20external%20funding.pdf,0.9660115359445928,0.9937607951435062
https://ocw.mit.edu/courses/electrical-engineering-and-computer-science/6-041-probabilistic-systems-analysis-and-applied-probability-fall-2010/video-lectures/lecture-3-independence/MIT6_041F10_L03.pdf,https://ocw.mit.edu/courses/electrical-engineering-and-computer-science/6-041sc-probabilistic-systems-analysis-and-applied-probability-fall-2013/unit-i/lecture-3/MIT6_041SCF13_L03.pdf,0.999998783273121,0.9823201668997592
http://campus.unibo.it/164554/1/Lab04.pdf,http://campus.unibo.it/204045/1/Lab04.pdf,1.0,0.9718670076726387
http://campus.unibo.it/158940/1/INGE_foglio3.pdf,http://campus.unibo.it/297766/1/INGE_foglio3GERARCHIAinfiniti.pdf,1.0000000000000002,0.9930737838134555
http://campus.unibo.it/140883/7/Presentation.pdf,http://campus.unibo.it/140883/1/Presentation.pdf,0.9874134247040247,0.9964317573595088
http://campus.unibo.it/140883/1/Presentation.pdf,http://campus.unibo.it/140883/7/Presentation.pdf,0.9874134247040247,0.9964317573595088
https://ocw.mit.edu/courses/aeronautics-and-astronautics/16-01-unified-engineering-i-ii-iii-iv-fall-2005-spring-2006/fluid-mechanics/f7_mud.pdf,https://ocw.mit.edu/courses/aeronautics-and-astronautics/16-01-unified-engineering-i-ii-iii-iv-fall-2005-spring-2006/fluid-mechanics/f8_mud.pdf,0.9794731827723457,0.9601136296387965
https://ocw.mit.edu/courses/urban-studies-and-planning/11-307-beijing-urban-design-studio-summer-2008/projects/group5_assn1_4.pdf,https://ocw.mit.edu/courses/urban-studies-and-planning/11-307-beijing-urban-design-studio-summer-2008/projects/group5_assn1_1.pdf,0.9825915039528844,0.9427526937462588
https://ocw.mit.edu/courses/aeronautics-and-astronautics/16-01-unified-engineering-i-ii-iii-iv-fall-2005-spring-2006/fluid-mechanics/f8_mud.pdf,https://ocw.mit.edu/courses/aeronautics-and-astronautics/16-01-unified-engineering-i-ii-iii-iv-fall-2005-spring-2006/fluid-mechanics/f7_mud.pdf,0.9794731827723457,0.9601136296387965
https://ocw.mit.edu/courses/aeronautics-and-astronautics/16-01-unified-engineering-i-ii-iii-iv-fall-2005-spring-2006/fluid-mechanics/f19_mud.pdf,https://ocw.mit.edu/courses/aeronautics-and-astronautics/16-01-unified-engineering-i-ii-iii-iv-fall-2005-spring-2006/fluid-mechanics/f21_mud.pdf,0.9999999550661329,0.9923371647509606
https://ocw.mit.edu/courses/urban-studies-and-planning/11-482j-regional-socioeconomic-impact-analyses-and-modeling-fall-2008/assignments/pset3.pdf,https://ocw.mit.edu/courses/urban-studies-and-planning/11-482j-regional-socioeconomic-impact-analyses-and-modeling-fall-2007/assignments/pset3.pdf,0.9844861984198058,0.9944444444444424
https://ocw.mit.edu/courses/physics/8-02-physics-ii-electricity-and-magnetism-spring-2007/class-activities/summary_w03d2.pdf,https://ocw.mit.edu/courses/physics/8-02-physics-ii-electricity-and-magnetism-spring-2007/readings/summary_w02d2.pdf,0.9999968188094637,0.9447239354732927
https://ocw.mit.edu/courses/biology/7-012-introduction-to-biology-fall-2004/recitations/protseca.pdf,https://ocw.mit.edu/courses/biology/7-013-introductory-biology-spring-2006/recitations/protseca.pdf,0.9681928710392793,0.9885670731707304
https://ocw.mit.edu/courses/biology/7-012-introduction-to-biology-fall-2004/recitations/recdna.pdf,https://ocw.mit.edu/courses/biology/7-013-introductory-biology-spring-2006/recitations/recdna.pdf,0.982666136230763,0.9586690428834992
https://ocw.mit.edu/courses/civil-and-environmental-engineering/1-011-project-evaluation-spring-2011/readings/MIT1_011S11_read16a.pdf,https://ocw.mit.edu/courses/engineering-systems-division/esd-00-introduction-to-engineering-systems-spring-2011/readings/MITESD_00S11_read05b.pdf,0.9530953987671267,0.9363899809766986
https://ocw.mit.edu/courses/engineering-systems-division/esd-141-technology-policy-negotiations-spring-2006/lecture-notes/session11.pdf,https://ocw.mit.edu/courses/engineering-systems-division/esd-933-technology-policy-negotiations-and-dispute-resolution-spring-2005/lecture-notes/tpp_ses7_cr_cul.pdf,0.9749557782201596,0.9785572513725247
https://ocw.mit.edu/courses/electrical-engineering-and-computer-science/6-041-probabilistic-systems-analysis-and-applied-probability-fall-2010/tutorials/MIT6_041F10_tut03_sol.pdf,https://ocw.mit.edu/courses/electrical-engineering-and-computer-science/6-041sc-probabilistic-systems-analysis-and-applied-probability-fall-2013/unit-i/lecture-6/MIT6_041SCF13_tut03_sol.pdf,0.9727395206162216,0.9801936323244629
https://ocw.mit.edu/courses/electrical-engineering-and-computer-science/6-041-probabilistic-systems-analysis-and-applied-probability-fall-2010/tutorials/MIT6_041F10_tut03_sol.pdf,https://ocw.mit.edu/courses/electrical-engineering-and-computer-science/6-041sc-probabilistic-systems-analysis-and-applied-probability-fall-2013/unit-i/lecture-5/MIT6_041SCF13_tut03_sol.pdf,0.9999941858890227,0.989062857178741
https://ocw.mit.edu/courses/electrical-engineering-and-computer-science/6-041-probabilistic-systems-analysis-and-applied-probability-fall-2010/recitations/MIT6_041F10_rec18_sol.pdf,https://ocw.mit.edu/courses/electrical-engineering-and-computer-science/6-041sc-probabilistic-systems-analysis-and-applied-probability-fall-2013/unit-iii/lecture-16/MIT6_041SCF13_rec18_sol.pdf,0.9999991977319032,0.9915987747655964
https://ocw.mit.edu/courses/electrical-engineering-and-computer-science/6-041-probabilistic-systems-analysis-and-applied-probability-fall-2010/recitations/MIT6_041F10_rec17_sol.pdf,https://ocw.mit.edu/courses/electrical-engineering-and-computer-science/6-041sc-probabilistic-systems-analysis-and-applied-probability-fall-2013/unit-iii/lecture-15/MIT6_041SCF13_rec17_sol.pdf,0.9999994458712997,0.9920098900242155
https://ocw.mit.edu/courses/electrical-engineering-and-computer-science/6-041-probabilistic-systems-analysis-and-applied-probability-fall-2010/assignments/MIT6_041F10_assn04.pdf,https://ocw.mit.edu/courses/electrical-engineering-and-computer-science/6-041sc-probabilistic-systems-analysis-and-applied-probability-fall-2013/unit-i/lecture-5/MIT6_041SCF13_assn04.pdf,0.9637868602888445,0.988964589861034
https://ocw.mit.edu/courses/electrical-engineering-and-computer-science/6-041-probabilistic-systems-analysis-and-applied-probability-fall-2010/video-lectures/lecture-17-markov-chains-ii/MIT6_041F10_L17.pdf,https://ocw.mit.edu/courses/electrical-engineering-and-computer-science/6-041sc-probabilistic-systems-analysis-and-applied-probability-fall-2013/unit-iii/lecture-17/MIT6_041SCF13_L17.pdf,0.9999983801454213,0.9762804112530885
https://ocw.mit.edu/courses/electrical-engineering-and-computer-science/6-041-probabilistic-systems-analysis-and-applied-probability-fall-2010/recitations/MIT6_041F10_rec05_sol.pdf,https://ocw.mit.edu/courses/electrical-engineering-and-computer-science/6-041sc-probabilistic-systems-analysis-and-applied-probability-fall-2013/unit-i/lecture-5/MIT6_041SCF13_rec05_sol.pdf,0.9999950534269936,0.9890028528508392
https://ocw.mit.edu/courses/electrical-engineering-and-computer-science/6-041-probabilistic-systems-analysis-and-applied-probability-fall-2010/recitations/MIT6_041F10_rec10.pdf,https://ocw.mit.edu/courses/electrical-engineering-and-computer-science/6-041sc-probabilistic-systems-analysis-and-applied-probability-fall-2013/unit-i/quiz-1/MIT6_041SCF13_rec10.pdf,0.9857280255383442,0.9904700720825053
https://ocw.mit.edu/courses/electrical-engineering-and-computer-science/6-041-probabilistic-systems-analysis-and-applied-probability-fall-2010/tutorials/MIT6_041F10_tut05_sol.pdf,https://ocw.mit.edu/courses/electrical-engineering-and-computer-science/6-041sc-probabilistic-systems-analysis-and-applied-probability-fall-2013/unit-ii/lecture-10/MIT6_041SCF13_tut05_sol.pdf,0.9999994200557003,0.9880063104682922
https://ocw.mit.edu/courses/chemistry/5-80-small-molecule-spectroscopy-and-dynamics-fall-2008/lecture-notes/22s_580ln_fa08.pdf,https://ocw.mit.edu/courses/chemistry/5-80-small-molecule-spectroscopy-and-dynamics-fall-2008/lecture-notes/23s_580ln_fa08.pdf,0.970700756906009,0.9749020676347829
https://ocw.mit.edu/courses/electrical-engineering-and-computer-science/6-041-probabilistic-systems-analysis-and-applied-probability-fall-2010/assignments/MIT6_041F10_assn06.pdf,https://ocw.mit.edu/courses/electrical-engineering-and-computer-science/6-041sc-probabilistic-systems-analysis-and-applied-probability-fall-2013/unit-ii/lecture-12/MIT6_041SCF13_assn06.pdf,0.9999990227538915,0.9884377376205282
https://ocw.mit.edu/courses/electrical-engineering-and-computer-science/6-041-probabilistic-systems-analysis-and-applied-probability-fall-2010/recitations/MIT6_041F10_rec17.pdf,https://ocw.mit.edu/courses/electrical-engineering-and-computer-science/6-041sc-probabilistic-systems-analysis-and-applied-probability-fall-2013/unit-iii/lecture-15/MIT6_041SCF13_rec17.pdf,0.9999979911360007,0.988857262390999
https://ocw.mit.edu/courses/electrical-engineering-and-computer-science/6-041-probabilistic-systems-analysis-and-applied-probability-fall-2010/video-lectures/lecture-9-multiple-continuous-random-variables/MIT6_041F10_L09.pdf,https://ocw.mit.edu/courses/electrical-engineering-and-computer-science/6-041sc-probabilistic-systems-analysis-and-applied-probability-fall-2013/unit-ii/lecture-9/MIT6_041SCF13_L09.pdf,0.9981122139347384,0.9829885238213896
https://ocw.mit.edu/courses/electrical-engineering-and-computer-science/6-041-probabilistic-systems-analysis-and-applied-probability-fall-2010/recitations/MIT6_041F10_rec24_sol.pdf,https://ocw.mit.edu/courses/electrical-engineering-and-computer-science/6-041sc-probabilistic-systems-analysis-and-applied-probability-fall-2013/unit-iv/MIT6_041SCF13_rec24_sol.pdf,0.9887252382064164,0.9910115791977175
https://ocw.mit.edu/courses/electrical-engineering-and-computer-science/6-041-probabilistic-systems-analysis-and-applied-probability-fall-2010/video-lectures/lecture-18-markov-chains-iii/MIT6_041F10_L18.pdf,https://ocw.mit.edu/courses/electrical-engineering-and-computer-science/6-041sc-probabilistic-systems-analysis-and-applied-probability-fall-2013/unit-iii/lecture-18/MIT6_041SCF13_L18.pdf,0.999998189120521,0.9907126018614524
https://ocw.mit.edu/courses/civil-and-environmental-engineering/1-103-civil-engineering-materials-laboratory-spring-2004/labs/group_b.pdf,https://ocw.mit.edu/courses/civil-and-environmental-engineering/1-103-civil-engineering-materials-laboratory-spring-2004/labs/group_a.pdf,0.9993148390818123,0.9345946461905846
https://ocw.mit.edu/courses/mechanical-engineering/2-004-dynamics-and-control-ii-spring-2008/labs/rotational_plant.pdf,https://ocw.mit.edu/courses/mechanical-engineering/2-004-systems-modeling-and-control-ii-fall-2007/labs/rotational_plant.pdf,0.9734603782745165,0.9755063386634906
https://ocw.mit.edu/courses/civil-and-environmental-engineering/1-103-civil-engineering-materials-laboratory-spring-2004/labs/group_a.pdf,https://ocw.mit.edu/courses/civil-and-environmental-engineering/1-103-civil-engineering-materials-laboratory-spring-2004/labs/group_b.pdf,0.9993148390818123,0.9345946461905846
https://ocw.mit.edu/courses/urban-studies-and-planning/11-479j-water-and-sanitation-infrastructure-in-developing-countries-spring-2007/readings/micro_tutorial.pdf,https://ocw.mit.edu/courses/urban-studies-and-planning/11-479-water-and-sanitation-infrastructure-planning-in-developing-countries-spring-2005/lecture-notes/microeconomics_t.pdf,0.9672785233426537,0.9635175952747689
https://ocw.mit.edu/courses/materials-science-and-engineering/3-012-fundamentals-of-materials-science-fall-2005/lecture-notes/lec20b_note.pdf,https://ocw.mit.edu/courses/materials-science-and-engineering/3-012-fundamentals-of-materials-science-fall-2005/lecture-notes/lec20b.pdf,0.9999999999999997,0.9981079020437186
https://ocw.mit.edu/courses/electrical-engineering-and-computer-science/6-041-probabilistic-systems-analysis-and-applied-probability-fall-2010/recitations/MIT6_041F10_rec04_sol.pdf,https://ocw.mit.edu/courses/electrical-engineering-and-computer-science/6-041sc-probabilistic-systems-analysis-and-applied-probability-fall-2013/unit-i/lecture-4/MIT6_041SCF13_rec04_sol.pdf,0.9702842457265402,0.9801500549528083
https://ocw.mit.edu/courses/materials-science-and-engineering/3-012-fundamentals-of-materials-science-fall-2005/lecture-notes/lec02b.pdf,https://ocw.mit.edu/courses/materials-science-and-engineering/3-012-fundamentals-of-materials-science-fall-2005/lecture-notes/lec02b_note.pdf,0.9999999999999998,0.9988776655443348
https://ocw.mit.edu/courses/physics/8-02-physics-ii-electricity-and-magnetism-spring-2007/class-activities/summary_w01d2.pdf,https://ocw.mit.edu/courses/physics/8-02-physics-ii-electricity-and-magnetism-spring-2007/readings/summary_w01d2.pdf,0.9569008244230537,0.9097621276946597
https://ocw.mit.edu/courses/physics/8-02-physics-ii-electricity-and-magnetism-spring-2007/readings/summary_w02d2.pdf,https://ocw.mit.edu/courses/physics/8-02-physics-ii-electricity-and-magnetism-spring-2007/class-activities/summary_w03d2.pdf,0.9999968188094637,0.9447239354732927
https://ocw.mit.edu/courses/mechanical-engineering/2-996-biomedical-devices-design-laboratory-fall-2007/lecture-notes/lec8_opamps2.pdf,https://ocw.mit.edu/courses/mechanical-engineering/2-996-biomedical-devices-design-laboratory-fall-2007/lecture-notes/lec7_opamps1.pdf,0.9920157736964587,0.9931275360875342
https://ocw.mit.edu/courses/electrical-engineering-and-computer-science/6-041-probabilistic-systems-analysis-and-applied-probability-fall-2010/video-lectures/lecture-10-continuous-bayes-rule-derived-distributions/MIT6_041F10_L10.pdf,https://ocw.mit.edu/courses/electrical-engineering-and-computer-science/6-041sc-probabilistic-systems-analysis-and-applied-probability-fall-2013/unit-ii/lecture-10/MIT6_041SCF13_L10.pdf,0.9999996837094295,0.983116176826704
https://ocw.mit.edu/courses/electrical-engineering-and-computer-science/6-041-probabilistic-systems-analysis-and-applied-probability-fall-2010/recitations/MIT6_041F10_rec19.pdf,https://ocw.mit.edu/courses/electrical-engineering-and-computer-science/6-041sc-probabilistic-systems-analysis-and-applied-probability-fall-2013/unit-iii/lecture-18/MIT6_041SCF13_rec19.pdf,0.9999974081185992,0.9919621823323588
https://ocw.mit.edu/courses/global-studies-and-languages/21g-104-chinese-iv-regular-spring-2004/study-materials/MIT21G_104S04_Oral_16.pdf,https://ocw.mit.edu/courses/global-studies-and-languages/21g-104-chinese-iv-regular-spring-2004/readings/MIT21G_104S04_L16practice.pdf,0.9999998355603607,1.0000000000000062
https://ocw.mit.edu/courses/global-studies-and-languages/21g-104-chinese-iv-regular-spring-2004/readings/MIT21G_104S04_L16practice.pdf,https://ocw.mit.edu/courses/global-studies-and-languages/21g-104-chinese-iv-regular-spring-2004/study-materials/MIT21G_104S04_Oral_16.pdf,0.9999998355603607,1.0000000000000062
https://ocw.mit.edu/courses/electrical-engineering-and-computer-science/6-041-probabilistic-systems-analysis-and-applied-probability-fall-2010/recitations/MIT6_041F10_rec03.pdf,https://ocw.mit.edu/courses/electrical-engineering-and-computer-science/6-041sc-probabilistic-systems-analysis-and-applied-probability-fall-2013/unit-i/lecture-3/MIT6_041SCF13_rec03.pdf,0.9860800286461252,0.9890563409233002
https://ocw.mit.edu/courses/materials-science-and-engineering/3-23-electrical-optical-and-magnetic-properties-of-materials-fall-2007/lecture-notes/clean24.pdf,https://ocw.mit.edu/courses/materials-science-and-engineering/3-23-electrical-optical-and-magnetic-properties-of-materials-fall-2007/lecture-notes/lec24.pdf,0.9999999560467142,0.9993028347154301
https://ocw.mit.edu/courses/mathematics/18-098-street-fighting-mathematics-january-iap-2008/readings/logarithms.pdf,https://ocw.mit.edu/courses/electrical-engineering-and-computer-science/6-055j-the-art-of-approximation-in-science-and-engineering-spring-2008/readings/singing_logs.pdf,0.9818481767275202,0.9220029530529029
https://ocw.mit.edu/courses/biology/7-01sc-fundamentals-of-biology-fall-2011/molecular-biology/gene-regulation-and-the-lac-operon/MIT7_01SCF11_2.5sol.pdf,https://ocw.mit.edu/courses/biology/7-01sc-fundamentals-of-biology-fall-2011/molecular-biology/gene-regulation-and-the-lac-operon/MIT7_01SCF11_2.5prob.pdf,0.9821057035803753,0.9329886453835154
https://ocw.mit.edu/courses/biology/7-01sc-fundamentals-of-biology-fall-2011/molecular-biology/gene-regulation-and-the-lac-operon/MIT7_01SCF11_2.5prob.pdf,https://ocw.mit.edu/courses/biology/7-01sc-fundamentals-of-biology-fall-2011/molecular-biology/gene-regulation-and-the-lac-operon/MIT7_01SCF11_2.5sol.pdf,0.9821057035803753,0.9329886453835154
https://ocw.mit.edu/courses/electrical-engineering-and-computer-science/6-041sc-probabilistic-systems-analysis-and-applied-probability-fall-2013/unit-iv/lecture-20/MIT6_041SCF13_L20.pdf,https://ocw.mit.edu/courses/electrical-engineering-and-computer-science/6-041-probabilistic-systems-analysis-and-applied-probability-fall-2010/video-lectures/lecture-20-the-central-limit-theorem/MIT6_041F10_L20.pdf,0.9878314050846755,0.9901859759054175
https://ocw.mit.edu/courses/biology/7-013-introductory-biology-spring-2006/recitations/gena.pdf,https://ocw.mit.edu/courses/biology/7-012-introduction-to-biology-fall-2004/recitations/gena.pdf,0.9541742579011671,0.9849393075879197
https://ocw.mit.edu/courses/electrical-engineering-and-computer-science/6-041sc-probabilistic-systems-analysis-and-applied-probability-fall-2013/unit-iv/lecture-25/MIT6_041SCF13_L25.pdf,https://ocw.mit.edu/courses/electrical-engineering-and-computer-science/6-041-probabilistic-systems-analysis-and-applied-probability-fall-2010/video-lectures/lecture-25-classical-inference-iii-course-overview/MIT6_041F10_L25.pdf,0.9999749008956944,0.9785654006271284
https://ocw.mit.edu/courses/biology/7-013-introductory-biology-spring-2006/recitations/protseca.pdf,https://ocw.mit.edu/courses/biology/7-012-introduction-to-biology-fall-2004/recitations/protseca.pdf,0.9681928710392793,0.9885670731707304
https://ocw.mit.edu/courses/electrical-engineering-and-computer-science/6-041-probabilistic-systems-analysis-and-applied-probability-fall-2010/recitations/MIT6_041F10_rec20_sol.pdf,https://ocw.mit.edu/courses/electrical-engineering-and-computer-science/6-041sc-probabilistic-systems-analysis-and-applied-probability-fall-2013/unit-iv/MIT6_041SCF13_rec20_sol.pdf,0.999999277785146,0.9889759122652356
https://ocw.mit.edu/courses/electrical-engineering-and-computer-science/6-170-software-studio-spring-2013/recitations/MIT6_170S13_rec7-RailsSec.pdf,https://ocw.mit.edu/courses/electrical-engineering-and-computer-science/6-170-software-studio-spring-2013/recitations/MIT6_170S13_rec7-RailsSecs.pdf,0.9965772349801196,0.9981501635514456
https://ocw.mit.edu/courses/electrical-engineering-and-computer-science/6-041-probabilistic-systems-analysis-and-applied-probability-fall-2010/recitations/MIT6_041F10_rec24.pdf,https://ocw.mit.edu/courses/electrical-engineering-and-computer-science/6-041sc-probabilistic-systems-analysis-and-applied-probability-fall-2013/unit-iv/MIT6_041SCF13_rec24.pdf,0.9999994135007539,0.9899597672162465
https://ocw.mit.edu/courses/electrical-engineering-and-computer-science/6-041-probabilistic-systems-analysis-and-applied-probability-fall-2010/video-lectures/lecture-25-classical-inference-iii-course-overview/MIT6_041F10_L25.pdf,https://ocw.mit.edu/courses/electrical-engineering-and-computer-science/6-041sc-probabilistic-systems-analysis-and-applied-probability-fall-2013/unit-iv/lecture-25/MIT6_041SCF13_L25.pdf,0.9999749008956944,0.9785654006271284
https://ocw.mit.edu/courses/materials-science-and-engineering/3-012-fundamentals-of-materials-science-fall-2005/lecture-notes/lec16b.pdf,https://ocw.mit.edu/courses/materials-science-and-engineering/3-012-fundamentals-of-materials-science-fall-2005/lecture-notes/lec16b_note.pdf,0.9920871851637474,0.998777993843464
https://ocw.mit.edu/courses/electrical-engineering-and-computer-science/6-041-probabilistic-systems-analysis-and-applied-probability-fall-2010/video-lectures/lecture-6-discrete-random-variable-examples-joint-pmfs/MIT6_041F10_L06.pdf,https://ocw.mit.edu/courses/electrical-engineering-and-computer-science/6-041sc-probabilistic-systems-analysis-and-applied-probability-fall-2013/unit-i/lecture-6/MIT6_041SCF13_L06.pdf,0.999998535883574,0.9867852048638631
https://ocw.mit.edu/courses/electrical-engineering-and-computer-science/6-170-software-studio-spring-2013/recitations/MIT6_170S13_rec7-RailsSecs.pdf,https://ocw.mit.edu/courses/electrical-engineering-and-computer-science/6-170-software-studio-spring-2013/recitations/MIT6_170S13_rec7-RailsSec.pdf,0.9965772349801196,0.9981501635514456
https://ocw.mit.edu/courses/edgerton-center/ec-050-recreate-experiments-from-history-inform-the-future-from-the-past-galileo-january-iap-2010/lecture-notes/MITEC_050IAP10_sum01.pdf,https://ocw.mit.edu/courses/edgerton-center/ec-050-recreate-experiments-from-history-inform-the-future-from-the-past-galileo-january-iap-2010/lecture-notes/MITEC_050IAP10_sum04.pdf,0.964423292473916,0.9939722175346651
https://ocw.mit.edu/courses/edgerton-center/ec-050-recreate-experiments-from-history-inform-the-future-from-the-past-galileo-january-iap-2010/assignments/MITEC_050IAP10_StudentWork.pdf,https://ocw.mit.edu/courses/edgerton-center/ec-050-recreate-experiments-from-history-inform-the-future-from-the-past-galileo-january-iap-2010/assignments/MITEC_050IAP10_assn41.pdf,0.97543279846314,0.9893880972676714
https://ocw.mit.edu/courses/edgerton-center/ec-050-recreate-experiments-from-history-inform-the-future-from-the-past-galileo-january-iap-2010/assignments/MITEC_050IAP10_assn41.pdf,https://ocw.mit.edu/courses/edgerton-center/ec-050-recreate-experiments-from-history-inform-the-future-from-the-past-galileo-january-iap-2010/assignments/MITEC_050IAP10_StudentWork.pdf,0.97543279846314,0.9893880972676714
https://ocw.mit.edu/courses/edgerton-center/ec-050-recreate-experiments-from-history-inform-the-future-from-the-past-galileo-january-iap-2010/lecture-notes/MITEC_050IAP10_sum04.pdf,https://ocw.mit.edu/courses/edgerton-center/ec-050-recreate-experiments-from-history-inform-the-future-from-the-past-galileo-january-iap-2010/lecture-notes/MITEC_050IAP10_sum01.pdf,0.964423292473916,0.9939722175346651
https://ocw.mit.edu/courses/electrical-engineering-and-computer-science/6-041-probabilistic-systems-analysis-and-applied-probability-fall-2010/recitations/MIT6_041F10_rec06_sol.pdf,https://ocw.mit.edu/courses/electrical-engineering-and-computer-science/6-041sc-probabilistic-systems-analysis-and-applied-probability-fall-2013/unit-i/lecture-6/MIT6_041SCF13_rec06_sol.pdf,0.974872308331445,0.9824355247018366
https://ocw.mit.edu/courses/sloan-school-of-management/15-769-operations-strategy-fall-2010/lecture-notes/MIT15_769F10_lec08.pdf,https://ocw.mit.edu/courses/sloan-school-of-management/15-768-management-of-services-concepts-design-and-delivery-fall-2010/lecture-notes/MIT15_768F10_lec02.pdf,0.9967615434461843,0.978171525946277
https://ocw.mit.edu/courses/urban-studies-and-planning/11-479-water-and-sanitation-infrastructure-planning-in-developing-countries-spring-2005/lecture-notes/microeconomics_t.pdf,https://ocw.mit.edu/courses/urban-studies-and-planning/11-479j-water-and-sanitation-infrastructure-in-developing-countries-spring-2007/readings/micro_tutorial.pdf,0.9672785233426537,0.9635175952747689
https://ocw.mit.edu/courses/electrical-engineering-and-computer-science/6-041-probabilistic-systems-analysis-and-applied-probability-fall-2010/tutorials/MIT6_041F10_tut08_sol.pdf,https://ocw.mit.edu/courses/electrical-engineering-and-computer-science/6-041sc-probabilistic-systems-analysis-and-applied-probability-fall-2013/unit-iii/lecture-15/MIT6_041SCF13_tut08_sol.pdf,0.9999994777404383,0.9945135041547732
https://ocw.mit.edu/courses/electrical-engineering-and-computer-science/6-055j-the-art-of-approximation-in-science-and-engineering-spring-2008/readings/singing_logs.pdf,https://ocw.mit.edu/courses/mathematics/18-098-street-fighting-mathematics-january-iap-2008/readings/logarithms.pdf,0.9818481767275202,0.9220029530529029
https://ocw.mit.edu/courses/electrical-engineering-and-computer-science/6-041-probabilistic-systems-analysis-and-applied-probability-fall-2010/assignments/MIT6_041F10_assn03.pdf,https://ocw.mit.edu/courses/electrical-engineering-and-computer-science/6-041sc-probabilistic-systems-analysis-and-applied-probability-fall-2013/unit-i/lecture-4/MIT6_041SCF13_assn03.pdf,0.9999987933934088,0.9898921105763712
https://ocw.mit.edu/courses/mathematics/18-05-introduction-to-probability-and-statistics-spring-2014/studio-resources/MIT18_05S14_class5prep_d.pdf,https://ocw.mit.edu/courses/mathematics/18-05-introduction-to-probability-and-statistics-spring-2014/readings/MIT18_05S14_Reading5d.pdf,0.9732495347495685,1.000000000000001
https://ocw.mit.edu/courses/electrical-engineering-and-computer-science/6-041-probabilistic-systems-analysis-and-applied-probability-fall-2010/recitations/MIT6_041F10_rec11_sol.pdf,https://ocw.mit.edu/courses/electrical-engineering-and-computer-science/6-041sc-probabilistic-systems-analysis-and-applied-probability-fall-2013/unit-ii/lecture-10/MIT6_041SCF13_rec11_sol.pdf,0.9999996008717125,0.9903058334798358
https://ocw.mit.edu/courses/mathematics/18-05-introduction-to-probability-and-statistics-spring-2014/readings/MIT18_05S14_Reading5d.pdf,https://ocw.mit.edu/courses/mathematics/18-05-introduction-to-probability-and-statistics-spring-2014/studio-resources/MIT18_05S14_class5prep_d.pdf,0.9732495347495685,1.000000000000001
https://ocw.mit.edu/courses/electrical-engineering-and-computer-science/6-041-probabilistic-systems-analysis-and-applied-probability-fall-2010/video-lectures/lecture-20-the-central-limit-theorem/MIT6_041F10_L20.pdf,https://ocw.mit.edu/courses/electrical-engineering-and-computer-science/6-041sc-probabilistic-systems-analysis-and-applied-probability-fall-2013/unit-iv/lecture-20/MIT6_041SCF13_L20.pdf,0.9878314050846755,0.9901859759054175
https://ocw.mit.edu/courses/electrical-engineering-and-computer-science/6-041-probabilistic-systems-analysis-and-applied-probability-fall-2010/recitations/MIT6_041F10_rec08_sol.pdf,https://ocw.mit.edu/courses/electrical-engineering-and-computer-science/6-041sc-probabilistic-systems-analysis-and-applied-probability-fall-2013/unit-ii/lecture-8/MIT6_041SCF13_rec08_sol.pdf,0.999999002805561,0.9888392048463035
https://ocw.mit.edu/courses/electrical-engineering-and-computer-science/6-041-probabilistic-systems-analysis-and-applied-probability-fall-2010/recitations/MIT6_041F10_rec05.pdf,https://ocw.mit.edu/courses/electrical-engineering-and-computer-science/6-041sc-probabilistic-systems-analysis-and-applied-probability-fall-2013/unit-i/lecture-5/MIT6_041SCF13_rec05.pdf,0.9999977439297242,0.9887555407400526
https://ocw.mit.edu/courses/electrical-engineering-and-computer-science/6-041-probabilistic-systems-analysis-and-applied-probability-fall-2010/video-lectures/lecture-12-iterated-expectations-sum-of-a-random-number-of-random-variables/MIT6_041F10_L12.pdf,https://ocw.mit.edu/courses/electrical-engineering-and-computer-science/6-041sc-probabilistic-systems-analysis-and-applied-probability-fall-2013/unit-ii/lecture-12/MIT6_041SCF13_L12.pdf,0.9999999621336754,0.993702132744215
https://ocw.mit.edu/courses/electrical-engineering-and-computer-science/6-041-probabilistic-systems-analysis-and-applied-probability-fall-2010/video-lectures/lecture-11-derived-distributions-convolution-correlation/MIT6_041F10_L11.pdf,https://ocw.mit.edu/courses/electrical-engineering-and-computer-science/6-041sc-probabilistic-systems-analysis-and-applied-probability-fall-2013/unit-ii/lecture-11/MIT6_041SCF13_L11.pdf,0.9999993438428966,0.9795014022931424
https://ocw.mit.edu/courses/electrical-engineering-and-computer-science/6-041-probabilistic-systems-analysis-and-applied-probability-fall-2010/video-lectures/lecture-15-poisson-process-ii/MIT6_041F10_L15.pdf,https://ocw.mit.edu/courses/electrical-engineering-and-computer-science/6-041sc-probabilistic-systems-analysis-and-applied-probability-fall-2013/unit-iii/lecture-15/MIT6_041SCF13_L15.pdf,0.9999998864396935,0.9919286500548388
https://ocw.mit.edu/courses/electrical-engineering-and-computer-science/6-041-probabilistic-systems-analysis-and-applied-probability-fall-2010/assignments/MIT6_041F10_assn01.pdf,https://ocw.mit.edu/courses/electrical-engineering-and-computer-science/6-041sc-probabilistic-systems-analysis-and-applied-probability-fall-2013/unit-i/lecture-1/MIT6_041SCF13_assn01.pdf,0.9796270030577312,0.990211836184302
https://ocw.mit.edu/courses/electrical-engineering-and-computer-science/6-041-probabilistic-systems-analysis-and-applied-probability-fall-2010/tutorials/MIT6_041F10_tut10.pdf,https://ocw.mit.edu/courses/electrical-engineering-and-computer-science/6-041sc-probabilistic-systems-analysis-and-applied-probability-fall-2013/unit-iv/MIT6_041SCF13_tut10.pdf,0.9999992762228422,0.9890028528508392
https://ocw.mit.edu/courses/electrical-engineering-and-computer-science/6-041-probabilistic-systems-analysis-and-applied-probability-fall-2010/video-lectures/lecture-8-continuous-random-variables/MIT6_041F10_L08.pdf,https://ocw.mit.edu/courses/electrical-engineering-and-computer-science/6-041sc-probabilistic-systems-analysis-and-applied-probability-fall-2013/unit-ii/lecture-8/MIT6_041SCF13_L08.pdf,0.9999998061538213,0.9911855880504625
https://ocw.mit.edu/courses/electrical-engineering-and-computer-science/6-041-probabilistic-systems-analysis-and-applied-probability-fall-2010/recitations/MIT6_041F10_rec13_sol.pdf,https://ocw.mit.edu/courses/electrical-engineering-and-computer-science/6-041sc-probabilistic-systems-analysis-and-applied-probability-fall-2013/unit-ii/lecture-12/MIT6_041SCF13_rec13_sol.pdf,0.9594779229154818,0.9907530631188464
https://ocw.mit.edu/courses/urban-studies-and-planning/11-471-targeting-the-poor-local-economic-development-in-developing-countries-spring-2010/assignments/MIT11_471S10_Assignment2.pdf,https://ocw.mit.edu/courses/urban-studies-and-planning/11-471-targeting-the-poor-local-economic-development-in-developing-countries-spring-2010/assignments/MIT11_471S10_Assignment1.pdf,0.9785630651547368,0.9841335865024915
https://ocw.mit.edu/courses/sloan-school-of-management/15-768-management-of-services-concepts-design-and-delivery-fall-2010/lecture-notes/MIT15_768F10_lec02.pdf,https://ocw.mit.edu/courses/sloan-school-of-management/15-769-operations-strategy-fall-2010/lecture-notes/MIT15_769F10_lec08.pdf,0.9967615434461843,0.978171525946277
https://ocw.mit.edu/courses/architecture/4-125b-architecture-studio-building-in-landscapes-fall-2005/assignments/assignment2.pdf,https://ocw.mit.edu/courses/architecture/4-125a-architecture-studio-building-in-landscapes-fall-2005/assignments/assn2.pdf,0.9843233107036758,0.9758875065519899
https://ocw.mit.edu/courses/chemistry/5-80-small-molecule-spectroscopy-and-dynamics-fall-2008/lecture-notes/23s_580ln_fa08.pdf,https://ocw.mit.edu/courses/chemistry/5-80-small-molecule-spectroscopy-and-dynamics-fall-2008/lecture-notes/22s_580ln_fa08.pdf,0.970700756906009,0.9749020676347829
https://ocw.mit.edu/courses/engineering-systems-division/esd-00-introduction-to-engineering-systems-spring-2011/readings/MITESD_00S11_read05b.pdf,https://ocw.mit.edu/courses/civil-and-environmental-engineering/1-011-project-evaluation-spring-2011/readings/MIT1_011S11_read16a.pdf,0.9530953987671267,0.9363899809766986
https://ocw.mit.edu/courses/sloan-school-of-management/15-093j-optimization-methods-fall-2009/recitations/MIT15_093J_F09_rec02.pdf,https://ocw.mit.edu/courses/electrical-engineering-and-computer-science/6-251j-introduction-to-mathematical-programming-fall-2009/recitations/MIT6_251JF09_rec02.pdf,0.9672246928127607,0.9301459718484648
https://ocw.mit.edu/courses/urban-studies-and-planning/11-307-beijing-urban-design-studio-summer-2008/projects/group5_assn1_1.pdf,https://ocw.mit.edu/courses/urban-studies-and-planning/11-307-beijing-urban-design-studio-summer-2008/projects/group5_assn1_4.pdf,0.9825915039528844,0.9427526937462588
https://ocw.mit.edu/courses/engineering-systems-division/esd-933-technology-policy-negotiations-and-dispute-resolution-spring-2005/lecture-notes/tpp_ses7_cr_cul.pdf,https://ocw.mit.edu/courses/engineering-systems-division/esd-141-technology-policy-negotiations-spring-2006/lecture-notes/session11.pdf,0.9749557782201596,0.9785572513725247
https://ocw.mit.edu/courses/sloan-school-of-management/15-067-competitive-decision-making-and-negotiation-spring-2011/assignments/MIT15_067S11_Cl9_W.com_S_E.pdf,https://ocw.mit.edu/courses/sloan-school-of-management/15-067-competitive-decision-making-and-negotiation-spring-2011/assignments/MIT15_067S11_Cl8_Al_B_S_E.pdf,0.9999998243634044,0.9988016772208366
https://ocw.mit.edu/courses/sloan-school-of-management/15-067-competitive-decision-making-and-negotiation-spring-2011/assignments/MIT15_067S11_Cl8_Al_B_S_E.pdf,https://ocw.mit.edu/courses/sloan-school-of-management/15-067-competitive-decision-making-and-negotiation-spring-2011/assignments/MIT15_067S11_Cl9_W.com_S_E.pdf,0.9999998243634044,0.9988016772208366
https://ocw.mit.edu/courses/electrical-engineering-and-computer-science/6-251j-introduction-to-mathematical-programming-fall-2009/recitations/MIT6_251JF09_rec02.pdf,https://ocw.mit.edu/courses/sloan-school-of-management/15-093j-optimization-methods-fall-2009/recitations/MIT15_093J_F09_rec02.pdf,0.9672246928127607,0.9301459718484648
https://ocw.mit.edu/courses/mechanical-engineering/2-004-systems-modeling-and-control-ii-fall-2007/labs/rotational_plant.pdf,https://ocw.mit.edu/courses/mechanical-engineering/2-004-dynamics-and-control-ii-spring-2008/labs/rotational_plant.pdf,0.9734603782745165,0.9755063386634906
https://ocw.mit.edu/courses/electrical-engineering-and-computer-science/6-435-system-identification-spring-2005/lecture-notes/lec1_6_435.pdf,https://ocw.mit.edu/courses/electrical-engineering-and-computer-science/6-435-system-identification-spring-2005/lecture-notes/lec4_6_435.pdf,0.9999773936422263,0.943525109968434
https://ocw.mit.edu/courses/electrical-engineering-and-computer-science/6-435-system-identification-spring-2005/lecture-notes/lec4_6_435.pdf,https://ocw.mit.edu/courses/electrical-engineering-and-computer-science/6-435-system-identification-spring-2005/lecture-notes/lec1_6_435.pdf,0.9999773936422263,0.943525109968434
https://ocw.mit.edu/courses/electrical-engineering-and-computer-science/6-041sc-probabilistic-systems-analysis-and-applied-probability-fall-2013/unit-i/lecture-5/MIT6_041SCF13_rec05_sol.pdf,https://ocw.mit.edu/courses/electrical-engineering-and-computer-science/6-041-probabilistic-systems-analysis-and-applied-probability-fall-2010/recitations/MIT6_041F10_rec05_sol.pdf,0.9999950534269936,0.9890028528508392
https://ocw.mit.edu/courses/electrical-engineering-and-computer-science/6-041sc-probabilistic-systems-analysis-and-applied-probability-fall-2013/unit-iii/lecture-18/MIT6_041SCF13_L18.pdf,https://ocw.mit.edu/courses/electrical-engineering-and-computer-science/6-041-probabilistic-systems-analysis-and-applied-probability-fall-2010/video-lectures/lecture-18-markov-chains-iii/MIT6_041F10_L18.pdf,0.999998189120521,0.9907126018614524
https://ocw.mit.edu/courses/electrical-engineering-and-computer-science/6-041sc-probabilistic-systems-analysis-and-applied-probability-fall-2013/unit-i/lecture-1/MIT6_041SCF13_assn01.pdf,https://ocw.mit.edu/courses/electrical-engineering-and-computer-science/6-041-probabilistic-systems-analysis-and-applied-probability-fall-2010/assignments/MIT6_041F10_assn01.pdf,0.9796270030577312,0.990211836184302
https://ocw.mit.edu/courses/electrical-engineering-and-computer-science/6-041sc-probabilistic-systems-analysis-and-applied-probability-fall-2013/unit-ii/lecture-12/MIT6_041SCF13_L12.pdf,https://ocw.mit.edu/courses/electrical-engineering-and-computer-science/6-041-probabilistic-systems-analysis-and-applied-probability-fall-2010/video-lectures/lecture-12-iterated-expectations-sum-of-a-random-number-of-random-variables/MIT6_041F10_L12.pdf,0.9999999621336754,0.993702132744215
https://ocw.mit.edu/courses/electrical-engineering-and-computer-science/6-041sc-probabilistic-systems-analysis-and-applied-probability-fall-2013/unit-iii/lecture-17/MIT6_041SCF13_L17.pdf,https://ocw.mit.edu/courses/electrical-engineering-and-computer-science/6-041-probabilistic-systems-analysis-and-applied-probability-fall-2010/video-lectures/lecture-17-markov-chains-ii/MIT6_041F10_L17.pdf,0.9999983801454213,0.9762804112530885
https://ocw.mit.edu/courses/electrical-engineering-and-computer-science/6-041sc-probabilistic-systems-analysis-and-applied-probability-fall-2013/unit-i/lecture-4/MIT6_041SCF13_assn03.pdf,https://ocw.mit.edu/courses/electrical-engineering-and-computer-science/6-041-probabilistic-systems-analysis-and-applied-probability-fall-2010/assignments/MIT6_041F10_assn03.pdf,0.9999987933934088,0.9898921105763712
https://ocw.mit.edu/courses/electrical-engineering-and-computer-science/6-041sc-probabilistic-systems-analysis-and-applied-probability-fall-2013/unit-i/lecture-3/MIT6_041SCF13_rec03.pdf,https://ocw.mit.edu/courses/electrical-engineering-and-computer-science/6-041-probabilistic-systems-analysis-and-applied-probability-fall-2010/recitations/MIT6_041F10_rec03.pdf,0.9860800286461252,0.9890563409233002
https://ocw.mit.edu/courses/electrical-engineering-and-computer-science/6-041sc-probabilistic-systems-analysis-and-applied-probability-fall-2013/unit-ii/lecture-11/MIT6_041SCF13_L11.pdf,https://ocw.mit.edu/courses/electrical-engineering-and-computer-science/6-041-probabilistic-systems-analysis-and-applied-probability-fall-2010/video-lectures/lecture-11-derived-distributions-convolution-correlation/MIT6_041F10_L11.pdf,0.9999993438428966,0.9795014022931424
https://ocw.mit.edu/courses/electrical-engineering-and-computer-science/6-041sc-probabilistic-systems-analysis-and-applied-probability-fall-2013/unit-iii/lecture-15/MIT6_041SCF13_L15.pdf,https://ocw.mit.edu/courses/electrical-engineering-and-computer-science/6-041-probabilistic-systems-analysis-and-applied-probability-fall-2010/video-lectures/lecture-15-poisson-process-ii/MIT6_041F10_L15.pdf,0.9999998864396935,0.9919286500548388
https://ocw.mit.edu/courses/electrical-engineering-and-computer-science/6-041sc-probabilistic-systems-analysis-and-applied-probability-fall-2013/unit-ii/lecture-12/MIT6_041SCF13_assn06.pdf,https://ocw.mit.edu/courses/electrical-engineering-and-computer-science/6-041-probabilistic-systems-analysis-and-applied-probability-fall-2010/assignments/MIT6_041F10_assn06.pdf,0.9999990227538915,0.9884377376205282
https://ocw.mit.edu/courses/electrical-engineering-and-computer-science/6-041sc-probabilistic-systems-analysis-and-applied-probability-fall-2013/unit-iii/lecture-15/MIT6_041SCF13_rec17.pdf,https://ocw.mit.edu/courses/electrical-engineering-and-computer-science/6-041-probabilistic-systems-analysis-and-applied-probability-fall-2010/recitations/MIT6_041F10_rec17.pdf,0.9999979911360007,0.988857262390999
https://ocw.mit.edu/courses/electrical-engineering-and-computer-science/6-041sc-probabilistic-systems-analysis-and-applied-probability-fall-2013/unit-iii/lecture-18/MIT6_041SCF13_rec19.pdf,https://ocw.mit.edu/courses/electrical-engineering-and-computer-science/6-041-probabilistic-systems-analysis-and-applied-probability-fall-2010/recitations/MIT6_041F10_rec19.pdf,0.9999974081185992,0.9919621823323588
https://ocw.mit.edu/courses/electrical-engineering-and-computer-science/6-041sc-probabilistic-systems-analysis-and-applied-probability-fall-2013/unit-i/lecture-3/MIT6_041SCF13_L03.pdf,https://ocw.mit.edu/courses/electrical-engineering-and-computer-science/6-041-probabilistic-systems-analysis-and-applied-probability-fall-2010/video-lectures/lecture-3-independence/MIT6_041F10_L03.pdf,0.999998783273121,0.9823201668997592
https://ocw.mit.edu/courses/electrical-engineering-and-computer-science/6-041sc-probabilistic-systems-analysis-and-applied-probability-fall-2013/unit-ii/lecture-10/MIT6_041SCF13_L10.pdf,https://ocw.mit.edu/courses/electrical-engineering-and-computer-science/6-041-probabilistic-systems-analysis-and-applied-probability-fall-2010/video-lectures/lecture-10-continuous-bayes-rule-derived-distributions/MIT6_041F10_L10.pdf,0.9999996837094295,0.983116176826704
https://ocw.mit.edu/courses/electrical-engineering-and-computer-science/6-041sc-probabilistic-systems-analysis-and-applied-probability-fall-2013/unit-ii/lecture-10/MIT6_041SCF13_tut05_sol.pdf,https://ocw.mit.edu/courses/electrical-engineering-and-computer-science/6-041-probabilistic-systems-analysis-and-applied-probability-fall-2010/tutorials/MIT6_041F10_tut05_sol.pdf,0.9999994200557003,0.9880063104682922
https://ocw.mit.edu/courses/electrical-engineering-and-computer-science/6-041sc-probabilistic-systems-analysis-and-applied-probability-fall-2013/unit-iv/MIT6_041SCF13_rec24_sol.pdf,https://ocw.mit.edu/courses/electrical-engineering-and-computer-science/6-041-probabilistic-systems-analysis-and-applied-probability-fall-2010/recitations/MIT6_041F10_rec24_sol.pdf,0.9887252382064164,0.9910115791977175
https://ocw.mit.edu/courses/electrical-engineering-and-computer-science/6-041sc-probabilistic-systems-analysis-and-applied-probability-fall-2013/unit-ii/lecture-8/MIT6_041SCF13_rec08_sol.pdf,https://ocw.mit.edu/courses/electrical-engineering-and-computer-science/6-041-probabilistic-systems-analysis-and-applied-probability-fall-2010/recitations/MIT6_041F10_rec08_sol.pdf,0.999999002805561,0.9888392048463035
https://ocw.mit.edu/courses/electrical-engineering-and-computer-science/6-041sc-probabilistic-systems-analysis-and-applied-probability-fall-2013/unit-i/lecture-6/MIT6_041SCF13_L06.pdf,https://ocw.mit.edu/courses/electrical-engineering-and-computer-science/6-041-probabilistic-systems-analysis-and-applied-probability-fall-2010/video-lectures/lecture-6-discrete-random-variable-examples-joint-pmfs/MIT6_041F10_L06.pdf,0.999998535883574,0.9867852048638631
https://ocw.mit.edu/courses/electrical-engineering-and-computer-science/6-041sc-probabilistic-systems-analysis-and-applied-probability-fall-2013/unit-ii/lecture-12/MIT6_041SCF13_rec13_sol.pdf,https://ocw.mit.edu/courses/electrical-engineering-and-computer-science/6-041-probabilistic-systems-analysis-and-applied-probability-fall-2010/recitations/MIT6_041F10_rec13_sol.pdf,0.9594779229154818,0.9907530631188464
https://ocw.mit.edu/courses/electrical-engineering-and-computer-science/6-041sc-probabilistic-systems-analysis-and-applied-probability-fall-2013/unit-ii/lecture-9/MIT6_041SCF13_L09.pdf,https://ocw.mit.edu/courses/electrical-engineering-and-computer-science/6-041-probabilistic-systems-analysis-and-applied-probability-fall-2010/video-lectures/lecture-9-multiple-continuous-random-variables/MIT6_041F10_L09.pdf,0.9981122139347384,0.9829885238213896
https://ocw.mit.edu/courses/electrical-engineering-and-computer-science/6-041sc-probabilistic-systems-analysis-and-applied-probability-fall-2013/unit-ii/lecture-10/MIT6_041SCF13_rec11_sol.pdf,https://ocw.mit.edu/courses/electrical-engineering-and-computer-science/6-041-probabilistic-systems-analysis-and-applied-probability-fall-2010/recitations/MIT6_041F10_rec11_sol.pdf,0.9999996008717125,0.9903058334798358
https://ocw.mit.edu/courses/electrical-engineering-and-computer-science/6-041sc-probabilistic-systems-analysis-and-applied-probability-fall-2013/unit-ii/lecture-8/MIT6_041SCF13_L08.pdf,https://ocw.mit.edu/courses/electrical-engineering-and-computer-science/6-041-probabilistic-systems-analysis-and-applied-probability-fall-2010/video-lectures/lecture-8-continuous-random-variables/MIT6_041F10_L08.pdf,0.9999998061538213,0.9911855880504625
https://ocw.mit.edu/courses/electrical-engineering-and-computer-science/6-041sc-probabilistic-systems-analysis-and-applied-probability-fall-2013/unit-iii/lecture-15/MIT6_041SCF13_rec17_sol.pdf,https://ocw.mit.edu/courses/electrical-engineering-and-computer-science/6-041-probabilistic-systems-analysis-and-applied-probability-fall-2010/recitations/MIT6_041F10_rec17_sol.pdf,0.9999994458712997,0.9920098900242155
https://ocw.mit.edu/courses/electrical-engineering-and-computer-science/6-041sc-probabilistic-systems-analysis-and-applied-probability-fall-2013/unit-iv/MIT6_041SCF13_rec20_sol.pdf,https://ocw.mit.edu/courses/electrical-engineering-and-computer-science/6-041-probabilistic-systems-analysis-and-applied-probability-fall-2010/recitations/MIT6_041F10_rec20_sol.pdf,0.999999277785146,0.9889759122652356
https://ocw.mit.edu/courses/electrical-engineering-and-computer-science/6-041sc-probabilistic-systems-analysis-and-applied-probability-fall-2013/unit-i/lecture-6/MIT6_041SCF13_rec06_sol.pdf,https://ocw.mit.edu/courses/electrical-engineering-and-computer-science/6-041-probabilistic-systems-analysis-and-applied-probability-fall-2010/recitations/MIT6_041F10_rec06_sol.pdf,0.974872308331445,0.9824355247018366
https://ocw.mit.edu/courses/electrical-engineering-and-computer-science/6-041sc-probabilistic-systems-analysis-and-applied-probability-fall-2013/unit-i/lecture-5/MIT6_041SCF13_assn04.pdf,https://ocw.mit.edu/courses/electrical-engineering-and-computer-science/6-041-probabilistic-systems-analysis-and-applied-probability-fall-2010/assignments/MIT6_041F10_assn04.pdf,0.9637868602888445,0.988964589861034
https://ocw.mit.edu/courses/electrical-engineering-and-computer-science/6-041sc-probabilistic-systems-analysis-and-applied-probability-fall-2013/unit-iii/lecture-16/MIT6_041SCF13_rec18_sol.pdf,https://ocw.mit.edu/courses/electrical-engineering-and-computer-science/6-041-probabilistic-systems-analysis-and-applied-probability-fall-2010/recitations/MIT6_041F10_rec18_sol.pdf,0.9999991977319032,0.9915987747655964
https://ocw.mit.edu/courses/electrical-engineering-and-computer-science/6-041sc-probabilistic-systems-analysis-and-applied-probability-fall-2013/unit-i/lecture-6/MIT6_041SCF13_tut03_sol.pdf,https://ocw.mit.edu/courses/electrical-engineering-and-computer-science/6-041-probabilistic-systems-analysis-and-applied-probability-fall-2010/tutorials/MIT6_041F10_tut03_sol.pdf,0.9727395206162216,0.9801936323244629
https://ocw.mit.edu/courses/electrical-engineering-and-computer-science/6-041sc-probabilistic-systems-analysis-and-applied-probability-fall-2013/unit-i/lecture-6/MIT6_041SCF13_tut03_sol.pdf,https://ocw.mit.edu/courses/electrical-engineering-and-computer-science/6-041sc-probabilistic-systems-analysis-and-applied-probability-fall-2013/unit-i/lecture-5/MIT6_041SCF13_tut03_sol.pdf,0.9727838902569966,0.9908673886137243
https://ocw.mit.edu/courses/electrical-engineering-and-computer-science/6-041sc-probabilistic-systems-analysis-and-applied-probability-fall-2013/unit-i/quiz-1/MIT6_041SCF13_rec10.pdf,https://ocw.mit.edu/courses/electrical-engineering-and-computer-science/6-041-probabilistic-systems-analysis-and-applied-probability-fall-2010/recitations/MIT6_041F10_rec10.pdf,0.9857280255383442,0.9904700720825053
https://ocw.mit.edu/courses/electrical-engineering-and-computer-science/6-041sc-probabilistic-systems-analysis-and-applied-probability-fall-2013/unit-iv/MIT6_041SCF13_rec24.pdf,https://ocw.mit.edu/courses/electrical-engineering-and-computer-science/6-041-probabilistic-systems-analysis-and-applied-probability-fall-2010/recitations/MIT6_041F10_rec24.pdf,0.9999994135007539,0.9899597672162465
https://ocw.mit.edu/courses/electrical-engineering-and-computer-science/6-042j-mathematics-for-computer-science-spring-2015/in-class-questions/MIT6_042JS15_cp32.pdf,https://ocw.mit.edu/courses/electrical-engineering-and-computer-science/6-042j-mathematics-for-computer-science-spring-2015/in-class-questions/MIT6_042JS15_cp19.pdf,0.9943035608430121,0.9925464799451453
https://ocw.mit.edu/courses/materials-science-and-engineering/3-012-fundamentals-of-materials-science-fall-2005/lecture-notes/lec01b_bis.pdf,https://ocw.mit.edu/courses/materials-science-and-engineering/3-012-fundamentals-of-materials-science-fall-2005/lecture-notes/lec01b_bis_note.pdf,0.9999993508882008,0.9995152820729262
https://ocw.mit.edu/courses/materials-science-and-engineering/3-012-fundamentals-of-materials-science-fall-2005/lecture-notes/lec03b_note.pdf,https://ocw.mit.edu/courses/materials-science-and-engineering/3-012-fundamentals-of-materials-science-fall-2005/lecture-notes/lec03b.pdf,0.9999986708982462,0.9980499219968777
https://ocw.mit.edu/courses/materials-science-and-engineering/3-012-fundamentals-of-materials-science-fall-2005/lecture-notes/lec02b_note.pdf,https://ocw.mit.edu/courses/materials-science-and-engineering/3-012-fundamentals-of-materials-science-fall-2005/lecture-notes/lec02b.pdf,0.9999999999999998,0.9988776655443348
https://ocw.mit.edu/courses/materials-science-and-engineering/3-23-electrical-optical-and-magnetic-properties-of-materials-fall-2007/lecture-notes/lec11.pdf,https://ocw.mit.edu/courses/materials-science-and-engineering/3-23-electrical-optical-and-magnetic-properties-of-materials-fall-2007/lecture-notes/clean11.pdf,0.992485089868703,0.9959247512729318
https://ocw.mit.edu/courses/materials-science-and-engineering/3-23-electrical-optical-and-magnetic-properties-of-materials-fall-2007/lecture-notes/clean11.pdf,https://ocw.mit.edu/courses/materials-science-and-engineering/3-23-electrical-optical-and-magnetic-properties-of-materials-fall-2007/lecture-notes/lec11.pdf,0.992485089868703,0.9959247512729318
http://campus.unibo.it/86339/1/0.%20Introduction.pdf,http://campus.unibo.it/61427/1/Introduction.pdf,0.9999547075602655,0.9401207328679382
http://campus.unibo.it/297766/1/INGE_foglio3GERARCHIAinfiniti.pdf,http://campus.unibo.it/158940/1/INGE_foglio3.pdf,1.0000000000000002,0.9930737838134555
http://campus.unibo.it/269691/1/colore.pdf,http://campus.unibo.it/199694/1/colore.pdf,1.0,0.9965872628888873
http://campus.unibo.it/87941/1/3-SMA2012-towardagents.pdf,http://campus.unibo.it/92964/1/15-SD-towardagents.pdf,0.996115715919311,0.9090217078707703
https://ocw.mit.edu/courses/urban-studies-and-planning/11-482j-regional-socioeconomic-impact-analyses-and-modeling-fall-2007/assignments/pset3.pdf,https://ocw.mit.edu/courses/urban-studies-and-planning/11-482j-regional-socioeconomic-impact-analyses-and-modeling-fall-2008/assignments/pset3.pdf,0.9844861984198058,0.9944444444444424
http://hydro.ijs.si/v00b/92/slx3rm7biy6chb7s3shtvz4vepkoweky.pdf,http://hydro.ijs.si/v00b/8d/rwlmf6cucgynwhioyqabae5nqkhllkgz.pdf,0.9517614707573198,0.9913930991175653
http://hydro.ijs.si/v005/74/or36aje2hklkswokkgiyn6mok37r5xyh.pdf,http://hydro.ijs.si/v005/99/tg4eptoihcohxxsqqnagkaoeyvjef4hh.pptx,0.9941403512587964,0.999999999999999
http://hydro.ijs.si/v00b/8d/rwlmf6cucgynwhioyqabae5nqkhllkgz.pdf,http://hydro.ijs.si/v00b/92/slx3rm7biy6chb7s3shtvz4vepkoweky.pdf,0.9517614707573198,0.9913930991175653
https://ocw.mit.edu/courses/aeronautics-and-astronautics/16-01-unified-engineering-i-ii-iii-iv-fall-2005-spring-2006/fluid-mechanics/f21_mud.pdf,https://ocw.mit.edu/courses/aeronautics-and-astronautics/16-01-unified-engineering-i-ii-iii-iv-fall-2005-spring-2006/fluid-mechanics/f19_mud.pdf,0.9999999550661329,0.9923371647509606
https://ocw.mit.edu/courses/electrical-engineering-and-computer-science/6-041sc-probabilistic-systems-analysis-and-applied-probability-fall-2013/unit-i/lecture-5/MIT6_041SCF13_rec05.pdf,https://ocw.mit.edu/courses/electrical-engineering-and-computer-science/6-041-probabilistic-systems-analysis-and-applied-probability-fall-2010/recitations/MIT6_041F10_rec05.pdf,0.9999977439297242,0.9887555407400526
http://hydro.ijs.si/v008/20/edepqpbqycjgtwln6jzwsql6dtusppuw.pdf,http://hydro.ijs.si/v008/cf/z4fklzxjdxzprkkdedcbinbp5qsk4oen.pptx,0.9899465323000058,0.9953216374268962
http://hydro.ijs.si/v008/cf/z4fklzxjdxzprkkdedcbinbp5qsk4oen.pptx,http://hydro.ijs.si/v008/20/edepqpbqycjgtwln6jzwsql6dtusppuw.pdf,0.9899465323000058,0.9953216374268962
http://hydro.ijs.si/v008/fd/7vrqgg7nnkx3we45cd7yma3sb66ghqcz.pptx,http://hydro.ijs.si/v008/1e/d2ctgxbw24on4ubt24hfjede44kic7up.pdf,0.9999235245014211,0.9999999999999943
http://hydro.ijs.si/v008/1e/d2ctgxbw24on4ubt24hfjede44kic7up.pdf,http://hydro.ijs.si/v008/fd/7vrqgg7nnkx3we45cd7yma3sb66ghqcz.pptx,0.9999235245014211,0.9999999999999943
https://ocw.mit.edu/courses/electrical-engineering-and-computer-science/6-041sc-probabilistic-systems-analysis-and-applied-probability-fall-2013/unit-iv/MIT6_041SCF13_tut10.pdf,https://ocw.mit.edu/courses/electrical-engineering-and-computer-science/6-041-probabilistic-systems-analysis-and-applied-probability-fall-2010/tutorials/MIT6_041F10_tut10.pdf,0.9999992762228422,0.9890028528508392
https://ocw.mit.edu/courses/electrical-engineering-and-computer-science/6-042j-mathematics-for-computer-science-spring-2015/in-class-questions/MIT6_042JS15_cp19.pdf,https://ocw.mit.edu/courses/electrical-engineering-and-computer-science/6-042j-mathematics-for-computer-science-spring-2015/in-class-questions/MIT6_042JS15_cp32.pdf,0.9943035608430121,0.9925464799451453
https://ocw.mit.edu/courses/electrical-engineering-and-computer-science/6-041sc-probabilistic-systems-analysis-and-applied-probability-fall-2013/unit-i/lecture-5/MIT6_041SCF13_tut03_sol.pdf,https://ocw.mit.edu/courses/electrical-engineering-and-computer-science/6-041-probabilistic-systems-analysis-and-applied-probability-fall-2010/tutorials/MIT6_041F10_tut03_sol.pdf,0.9999941858890227,0.989062857178741
https://ocw.mit.edu/courses/electrical-engineering-and-computer-science/6-041sc-probabilistic-systems-analysis-and-applied-probability-fall-2013/unit-i/lecture-5/MIT6_041SCF13_tut03_sol.pdf,https://ocw.mit.edu/courses/electrical-engineering-and-computer-science/6-041sc-probabilistic-systems-analysis-and-applied-probability-fall-2013/unit-i/lecture-6/MIT6_041SCF13_tut03_sol.pdf,0.9727838902569966,0.9908673886137243
https://ocw.mit.edu/courses/electrical-engineering-and-computer-science/6-041sc-probabilistic-systems-analysis-and-applied-probability-fall-2013/unit-i/lecture-4/MIT6_041SCF13_rec04_sol.pdf,https://ocw.mit.edu/courses/electrical-engineering-and-computer-science/6-041-probabilistic-systems-analysis-and-applied-probability-fall-2010/recitations/MIT6_041F10_rec04_sol.pdf,0.9702842457265402,0.9801500549528083
https://ocw.mit.edu/courses/electrical-engineering-and-computer-science/6-041sc-probabilistic-systems-analysis-and-applied-probability-fall-2013/unit-iii/lecture-15/MIT6_041SCF13_tut08_sol.pdf,https://ocw.mit.edu/courses/electrical-engineering-and-computer-science/6-041-probabilistic-systems-analysis-and-applied-probability-fall-2010/tutorials/MIT6_041F10_tut08_sol.pdf,0.9999994777404383,0.9945135041547732
http://campus.unibo.it/61427/1/Introduction.pdf,http://campus.unibo.it/86339/1/0.%20Introduction.pdf,0.9999547075602655,0.9401207328679382
https://ocw.mit.edu/courses/physics/8-02t-electricity-and-magnetism-spring-2005/readings/summary_w07d3.pdf,https://ocw.mit.edu/courses/physics/8-02-physics-ii-electricity-and-magnetism-spring-2007/class-activities/summary_w06d3.pdf,0.987725846972382,0.9179468081540418
https://ocw.mit.edu/courses/biology/7-012-introduction-to-biology-fall-2004/recitations/stem.pdf,https://ocw.mit.edu/courses/biology/7-013-introductory-biology-spring-2006/recitations/stemq.pdf,0.9549500034068545,0.9597328945396156
https://ocw.mit.edu/courses/biology/7-012-introduction-to-biology-fall-2004/recitations/gena.pdf,https://ocw.mit.edu/courses/biology/7-013-introductory-biology-spring-2006/recitations/gena.pdf,0.9541742579011671,0.9849393075879197
https://ocw.mit.edu/courses/urban-studies-and-planning/11-471-targeting-the-poor-local-economic-development-in-developing-countries-spring-2010/assignments/MIT11_471S10_Assignment1.pdf,https://ocw.mit.edu/courses/urban-studies-and-planning/11-471-targeting-the-poor-local-economic-development-in-developing-countries-spring-2010/assignments/MIT11_471S10_Assignment2.pdf,0.9785630651547368,0.9841335865024915
https://ocw.mit.edu/courses/materials-science-and-engineering/3-012-fundamentals-of-materials-science-fall-2005/lecture-notes/lec01b_bis_note.pdf,https://ocw.mit.edu/courses/materials-science-and-engineering/3-012-fundamentals-of-materials-science-fall-2005/lecture-notes/lec01b_bis.pdf,0.9999993508882008,0.9995152820729262
https://ocw.mit.edu/courses/architecture/4-125a-architecture-studio-building-in-landscapes-fall-2005/assignments/assn2.pdf,https://ocw.mit.edu/courses/architecture/4-125b-architecture-studio-building-in-landscapes-fall-2005/assignments/assignment2.pdf,0.9843233107036758,0.9758875065519899
http://campus.unibo.it/309761/1/3.%20HEM%20HS%20external%20funding.pdf,http://campus.unibo.it/259584/1/5.%20HEM%20HS%20external%20funding%202016.pdf,0.9660115359445928,0.9937607951435062
http://hydro.ijs.si/v005/99/tg4eptoihcohxxsqqnagkaoeyvjef4hh.pptx,http://hydro.ijs.si/v005/74/or36aje2hklkswokkgiyn6mok37r5xyh.pdf,0.9941403512587964,0.999999999999999
http://campus.unibo.it/92964/1/15-SD-towardagents.pdf,http://campus.unibo.it/87941/1/3-SMA2012-towardagents.pdf,0.996115715919311,0.9090217078707703
https://ocw.mit.edu/courses/physics/8-02-physics-ii-electricity-and-magnetism-spring-2007/readings/summary_w01d2.pdf,https://ocw.mit.edu/courses/physics/8-02-physics-ii-electricity-and-magnetism-spring-2007/class-activities/summary_w01d2.pdf,0.9569008244230537,0.9097621276946597
https://ocw.mit.edu/courses/mechanical-engineering/2-996-biomedical-devices-design-laboratory-fall-2007/lecture-notes/lec7_opamps1.pdf,https://ocw.mit.edu/courses/mechanical-engineering/2-996-biomedical-devices-design-laboratory-fall-2007/lecture-notes/lec8_opamps2.pdf,0.9920157736964587,0.9931275360875342
https://ocw.mit.edu/courses/physics/8-02-physics-ii-electricity-and-magnetism-spring-2007/class-activities/summary_w06d3.pdf,https://ocw.mit.edu/courses/physics/8-02t-electricity-and-magnetism-spring-2005/readings/summary_w07d3.pdf,0.987725846972382,0.9179468081540418
https://ocw.mit.edu/courses/biology/7-013-introductory-biology-spring-2006/recitations/recdna.pdf,https://ocw.mit.edu/courses/biology/7-012-introduction-to-biology-fall-2004/recitations/recdna.pdf,0.982666136230763,0.9586690428834992
https://ocw.mit.edu/courses/materials-science-and-engineering/3-012-fundamentals-of-materials-science-fall-2005/lecture-notes/lec03b.pdf,https://ocw.mit.edu/courses/materials-science-and-engineering/3-012-fundamentals-of-materials-science-fall-2005/lecture-notes/lec03b_note.pdf,0.9999986708982462,0.9980499219968777
https://ocw.mit.edu/courses/materials-science-and-engineering/3-23-electrical-optical-and-magnetic-properties-of-materials-fall-2007/lecture-notes/lec24.pdf,https://ocw.mit.edu/courses/materials-science-and-engineering/3-23-electrical-optical-and-magnetic-properties-of-materials-fall-2007/lecture-notes/clean24.pdf,0.9999999560467142,0.9993028347154301
https://ocw.mit.edu/courses/materials-science-and-engineering/3-012-fundamentals-of-materials-science-fall-2005/lecture-notes/lec16b_note.pdf,https://ocw.mit.edu/courses/materials-science-and-engineering/3-012-fundamentals-of-materials-science-fall-2005/lecture-notes/lec16b.pdf,0.9920871851637474,0.998777993843464
https://ocw.mit.edu/courses/materials-science-and-engineering/3-012-fundamentals-of-materials-science-fall-2005/lecture-notes/lec20b.pdf,https://ocw.mit.edu/courses/materials-science-and-engineering/3-012-fundamentals-of-materials-science-fall-2005/lecture-notes/lec20b_note.pdf,0.9999999999999997,0.9981079020437186
https://cnx.org/contents/bDIuMp-w@18.3:bF6KZ6ic@18.3/Key-Terms,https://cnx.org/contents/jVCgr5SL@15.43:dhYIo1tn@15.43/Key-Terms,0.9830119648907568,0.9745818706387298
https://cnx.org/contents/jVCgr5SL@15.43:dhYIo1tn@15.43/Key-Terms,https://cnx.org/contents/bDIuMp-w@18.3:bF6KZ6ic@18.3/Key-Terms,0.9830119648907568,0.9745818706387298
https://cnx.org/contents/bDIuMp-w@18.3:0dNQe-NA@18.3/Chapter-Summary,https://cnx.org/contents/jVCgr5SL@15.43:n-FqGx8V@15.43/Chapter-Summary,0.9829382911354032,0.9009000168918748
https://cnx.org/contents/Ax2o07Ul@16.17:5AKVP8J2@16.17/Glossary,https://cnx.org/contents/jQSmhtXo@26.1:folNtven@26.1/Glossary,0.9565686134808314,0.9945169398222877
https://cnx.org/contents/jVCgr5SL@15.43:n-FqGx8V@15.43/Chapter-Summary,https://cnx.org/contents/bDIuMp-w@18.3:0dNQe-NA@18.3/Chapter-Summary,0.9829382911354032,0.9009000168918748
https://cnx.org/contents/jQSmhtXo@26.1:folNtven@26.1/Glossary,https://cnx.org/contents/Ax2o07Ul@16.17:5AKVP8J2@16.17/Glossary,0.9565686134808314,0.9945169398222877
https://cnx.org/contents/Ax2o07Ul@16.17:FFJTJLdW@16.17/Section-Summary,https://cnx.org/contents/jQSmhtXo@26.1:qwGRfUMm@26.1/Section-Summary,0.9938044170304815,0.9999999999999999
https://cnx.org/contents/Ax2o07Ul@16.17:95MPzy_w@16.17/Conceptual-Questions,https://cnx.org/contents/jQSmhtXo@26.1:PQ7V44Xr@26.1/Conceptual-Questions,1.0000000000000002,0.9999999999999941
https://cnx.org/contents/jQSmhtXo@26.1:qwGRfUMm@26.1/Section-Summary,https://cnx.org/contents/Ax2o07Ul@16.17:FFJTJLdW@16.17/Section-Summary,0.9938044170304815,0.9999999999999999
https://cnx.org/contents/jQSmhtXo@26.1:PQ7V44Xr@26.1/Conceptual-Questions,https://cnx.org/contents/Ax2o07Ul@16.17:95MPzy_w@16.17/Conceptual-Questions,1.0000000000000002,0.9999999999999941
https://cnx.org/contents/Ax2o07Ul@16.17:7SBat0Gl@16.17/Section-Summary,https://cnx.org/contents/jQSmhtXo@26.1:m6yckXHZ@26.1/Section-Summary,0.9730051035245302,0.993140617344436
https://cnx.org/contents/jQSmhtXo@26.1:m6yckXHZ@26.1/Section-Summary,https://cnx.org/contents/Ax2o07Ul@16.17:7SBat0Gl@16.17/Section-Summary,0.9730051035245302,0.993140617344436
https://cnx.org/contents/bDIuMp-w@18.3:Puo78LvU@18.3/Key-Terms,https://cnx.org/contents/jVCgr5SL@15.43:CVCA01XH@15.43/Key-Terms,0.9999993916965187,0.9937512130759453
https://cnx.org/contents/jVCgr5SL@15.43:CVCA01XH@15.43/Key-Terms,https://cnx.org/contents/bDIuMp-w@18.3:Puo78LvU@18.3/Key-Terms,0.9999993916965187,0.9937512130759453
https://cnx.org/contents/Ax2o07Ul@16.17:lt0QYLuL@16.17/Section-Summary,https://cnx.org/contents/jQSmhtXo@26.1:ruL4-szI@26.1/Section-Summary,0.9999996780186644,1.0000000000000049
https://cnx.org/contents/2bhe5sV_@5.10:i2uOcHG1@5.10/Summary,https://cnx.org/contents/f8zJz5tx@7.6:j1dzxz8k@7.6/Summary,0.9999999888050426,0.9999999999999927
https://cnx.org/contents/jQSmhtXo@26.1:ruL4-szI@26.1/Section-Summary,https://cnx.org/contents/Ax2o07Ul@16.17:lt0QYLuL@16.17/Section-Summary,0.9999996780186644,1.0000000000000049
https://cnx.org/contents/jVCgr5SL@15.43:Xgd2ut85@15.43/Key-Terms,https://cnx.org/contents/bDIuMp-w@18.3:T-PrOQfv@18.3/Key-Terms,0.998319092405952,0.9849126729524996
https://cnx.org/contents/bDIuMp-w@18.3:T-PrOQfv@18.3/Key-Terms,https://cnx.org/contents/jVCgr5SL@15.43:Xgd2ut85@15.43/Key-Terms,0.998319092405952,0.9849126729524996
https://cnx.org/contents/f8zJz5tx@7.6:j1dzxz8k@7.6/Summary,https://cnx.org/contents/2bhe5sV_@5.10:i2uOcHG1@5.10/Summary,0.9999999888050426,0.9999999999999927
https://cnx.org/contents/Ax2o07Ul@16.17:SrFiSz5e@16.17/Section-Summary,https://cnx.org/contents/jQSmhtXo@26.1:3UyWkO7V@26.1/Section-Summary,0.9996652076908713,1.0000000000000038
https://cnx.org/contents/Ax2o07Ul@16.17:XmzftU8Z@16.17/Conceptual-Questions,https://cnx.org/contents/jQSmhtXo@26.1:1dMgXE90@26.1/Conceptual-Questions,0.9963991818235046,0.9820627802690602
https://cnx.org/contents/jQSmhtXo@26.1:3UyWkO7V@26.1/Section-Summary,https://cnx.org/contents/Ax2o07Ul@16.17:SrFiSz5e@16.17/Section-Summary,0.9996652076908713,1.0000000000000038
https://cnx.org/contents/jVCgr5SL@15.43:YuzE3nlJ@15.43/Key-Terms,https://cnx.org/contents/bDIuMp-w@18.3:AUULLFoY@18.3/Key-Terms,0.9999532907769598,0.9821623980134543
https://cnx.org/contents/jQSmhtXo@26.1:1dMgXE90@26.1/Conceptual-Questions,https://cnx.org/contents/Ax2o07Ul@16.17:XmzftU8Z@16.17/Conceptual-Questions,0.9963991818235046,0.9820627802690602
https://cnx.org/contents/bDIuMp-w@18.3:AUULLFoY@18.3/Key-Terms,https://cnx.org/contents/jVCgr5SL@15.43:YuzE3nlJ@15.43/Key-Terms,0.9999532907769598,0.9821623980134543
https://cnx.org/contents/_VPq4foj@11.2:Xi3QBz_j@11.2/Key-Concepts,https://cnx.org/contents/E6wQevFf@16.3:Fgspjwbz@16.3/Key-Concepts,0.9999999973497263,1.0000000000000004
https://cnx.org/contents/jVCgr5SL@15.43:rpvLXQYS@15.43/Key-Terms,https://cnx.org/contents/bDIuMp-w@18.3:UxmDLkkH@18.3/Key-Terms,0.9999999899152505,0.9945480286627087
https://cnx.org/contents/jVCgr5SL@15.43:bEeRA9Jb@15.43/Chapter-Summary,https://cnx.org/contents/bDIuMp-w@18.3:QH4q4V8C@18.3/Chapter-Summary,0.9999502281592422,0.9872095238634161
https://cnx.org/contents/bDIuMp-w@18.3:UxmDLkkH@18.3/Key-Terms,https://cnx.org/contents/jVCgr5SL@15.43:rpvLXQYS@15.43/Key-Terms,0.9999999899152505,0.9945480286627087
https://cnx.org/contents/bDIuMp-w@18.3:QH4q4V8C@18.3/Chapter-Summary,https://cnx.org/contents/jVCgr5SL@15.43:bEeRA9Jb@15.43/Chapter-Summary,0.9999502281592422,0.9872095238634161
https://cnx.org/contents/f8zJz5tx@7.6:A38aD8py@7.6/Summary,https://cnx.org/contents/2bhe5sV_@5.10:-hO0pgMP@5.10/Summary,0.9999963132245068,0.9734528521475705
https://cnx.org/contents/E6wQevFf@16.3:Fgspjwbz@16.3/Key-Concepts,https://cnx.org/contents/_VPq4foj@11.2:Xi3QBz_j@11.2/Key-Concepts,0.9999999973497263,1.0000000000000004
https://cnx.org/contents/mwjClAV_@10.3:4y1hGP0S@10.3/Key-Concepts,https://cnx.org/contents/_VPq4foj@11.2:E-SqtAYH@11.2/Key-Concepts,0.9999999986620315,0.9913216783043811
https://cnx.org/contents/mwjClAV_@10.3:4y1hGP0S@10.3/Key-Concepts,https://cnx.org/contents/E6wQevFf@16.3:BEXjFDnt@16.3/Key-Concepts,0.9999999999999998,0.9913216783043811
https://cnx.org/contents/jVCgr5SL@15.43:h6uKmQM8@15.43/Key-Terms,https://cnx.org/contents/bDIuMp-w@18.3:X3R5SQUo@18.3/Key-Terms,0.9999999569888733,0.99999999999999
https://cnx.org/contents/bDIuMp-w@18.3:X3R5SQUo@18.3/Key-Terms,https://cnx.org/contents/jVCgr5SL@15.43:h6uKmQM8@15.43/Key-Terms,0.9999999569888733,0.99999999999999
https://cnx.org/contents/_VPq4foj@11.2:E-SqtAYH@11.2/Key-Concepts,https://cnx.org/contents/mwjClAV_@10.3:4y1hGP0S@10.3/Key-Concepts,0.9999999986620315,0.9913216783043811
https://cnx.org/contents/_VPq4foj@11.2:E-SqtAYH@11.2/Key-Concepts,https://cnx.org/contents/E6wQevFf@16.3:BEXjFDnt@16.3/Key-Concepts,0.9999999986620313,0.9854771784232355
https://cnx.org/contents/2bhe5sV_@5.10:GDXnwExQ@5.10/Summary,https://cnx.org/contents/f8zJz5tx@7.6:ssAQMQCp@7.6/Summary,0.9999999952333745,0.9809384164222867
https://cnx.org/contents/jVCgr5SL@15.43:a0Wye43y@15.43/Key-Terms,https://cnx.org/contents/bDIuMp-w@18.3:rEhC0pND@18.3/Key-Terms,0.9985984957682399,0.9598610671534132
https://cnx.org/contents/bDIuMp-w@18.3:rEhC0pND@18.3/Key-Terms,https://cnx.org/contents/jVCgr5SL@15.43:a0Wye43y@15.43/Key-Terms,0.9985984957682399,0.9598610671534132
https://cnx.org/contents/mrS6bR5I@4.66:lQq75vKn@4.66/Problem-Set-A,https://cnx.org/contents/mrS6bR5I@4.66:EhPmo3OZ@4.66/Problem-Set-B,0.9542126516367015,0.9419015266738411
https://cnx.org/contents/mrS6bR5I@4.66:EhPmo3OZ@4.66/Problem-Set-B,https://cnx.org/contents/mrS6bR5I@4.66:lQq75vKn@4.66/Problem-Set-A,0.9542126516367015,0.9419015266738411
https://cnx.org/contents/2bhe5sV_@5.10:-hO0pgMP@5.10/Summary,https://cnx.org/contents/f8zJz5tx@7.6:A38aD8py@7.6/Summary,0.9999963132245068,0.9734528521475705
https://cnx.org/contents/f8zJz5tx@7.6:ssAQMQCp@7.6/Summary,https://cnx.org/contents/2bhe5sV_@5.10:GDXnwExQ@5.10/Summary,0.9999999952333745,0.9809384164222867
https://cnx.org/contents/E6wQevFf@16.3:BEXjFDnt@16.3/Key-Concepts,https://cnx.org/contents/mwjClAV_@10.3:4y1hGP0S@10.3/Key-Concepts,0.9999999999999998,0.9913216783043811
https://cnx.org/contents/E6wQevFf@16.3:BEXjFDnt@16.3/Key-Concepts,https://cnx.org/contents/_VPq4foj@11.2:E-SqtAYH@11.2/Key-Concepts,0.9999999986620313,0.9854771784232355
https://cnx.org/contents/Ax2o07Ul@16.17:nSDxAoyX@8/17-1-Sound,https://cnx.org/contents/jQSmhtXo@26.1:zWDKdWOw@8/17-1-Sound,0.9625007699131063,0.9830024045800979
https://cnx.org/contents/Ax2o07Ul@16.17:kE9V7r5E@16.17/Conceptual-Questions,https://cnx.org/contents/jQSmhtXo@26.1:AWtNoB_o@26.1/Conceptual-Questions,1.0000000000000002,0.9935897435897407
https://cnx.org/contents/jQSmhtXo@26.1:zWDKdWOw@8/17-1-Sound,https://cnx.org/contents/Ax2o07Ul@16.17:nSDxAoyX@8/17-1-Sound,0.9625007699131063,0.9830024045800979
https://cnx.org/contents/Ax2o07Ul@16.17:JyYqGscQ@5/18-6-Electric-Forces-in-Biology,https://cnx.org/contents/jQSmhtXo@26.1:nqXxF3xB@8/18-7-Electric-Forces-in-Biology,0.9920380520822476,0.957510228212188
https://cnx.org/contents/Ax2o07Ul@16.17:Cg2R5f9-@16.17/Glossary,https://cnx.org/contents/jQSmhtXo@26.1:Am2O1mdv@26.1/Glossary,0.9999832094295314,0.9999999999999934
https://cnx.org/contents/s8Hh0oOc@15.8:s7BlMz-8@15.8/Chapter-Summary,https://cnx.org/contents/bDIuMp-w@18.3:W_eFHzuG@18.3/Chapter-Summary,0.961141825996519,0.9163542007470509
https://cnx.org/contents/jVCgr5SL@15.43:4GrEX6f6@15.43/Key-Terms,https://cnx.org/contents/bDIuMp-w@18.3:oTCLGW8Z@18.3/Key-Terms,0.9664414688835153,0.9701270636920096
https://cnx.org/contents/jQSmhtXo@26.1:AWtNoB_o@26.1/Conceptual-Questions,https://cnx.org/contents/Ax2o07Ul@16.17:kE9V7r5E@16.17/Conceptual-Questions,1.0000000000000002,0.9935897435897407
https://cnx.org/contents/Ax2o07Ul@16.17:Uspwb_ZX@16.17/Conceptual-Questions,https://cnx.org/contents/jQSmhtXo@26.1:E4Gz116T@26.1/Conceptual-Questions,1.0,0.9942748091603012
https://cnx.org/contents/jQSmhtXo@26.1:nqXxF3xB@8/18-7-Electric-Forces-in-Biology,https://cnx.org/contents/Ax2o07Ul@16.17:JyYqGscQ@5/18-6-Electric-Forces-in-Biology,0.9920380520822476,0.957510228212188
https://cnx.org/contents/jVCgr5SL@15.43:8GiIwaW4@15.43/Key-Terms,https://cnx.org/contents/bDIuMp-w@18.3:c5tyh0zu@18.3/Key-Terms,0.997456354690843,0.9894133552814623
https://cnx.org/contents/jQSmhtXo@26.1:Am2O1mdv@26.1/Glossary,https://cnx.org/contents/Ax2o07Ul@16.17:Cg2R5f9-@16.17/Glossary,0.9999832094295314,0.9999999999999934
https://cnx.org/contents/bDIuMp-w@18.3:oTCLGW8Z@18.3/Key-Terms,https://cnx.org/contents/jVCgr5SL@15.43:4GrEX6f6@15.43/Key-Terms,0.9664414688835153,0.9701270636920096
https://cnx.org/contents/bDIuMp-w@18.3:c5tyh0zu@18.3/Key-Terms,https://cnx.org/contents/jVCgr5SL@15.43:8GiIwaW4@15.43/Key-Terms,0.997456354690843,0.9894133552814623
https://cnx.org/contents/2bhe5sV_@5.10:WLpTGEJt@5.10/Chapter-5,https://cnx.org/contents/f8zJz5tx@7.6:O6gEQL-8@7.6/Chapter-8,0.9998851456596543,0.949752562373602
https://cnx.org/contents/jQSmhtXo@26.1:E4Gz116T@26.1/Conceptual-Questions,https://cnx.org/contents/Ax2o07Ul@16.17:Uspwb_ZX@16.17/Conceptual-Questions,1.0,0.9942748091603012
https://cnx.org/contents/f8zJz5tx@7.6:O6gEQL-8@7.6/Chapter-8,https://cnx.org/contents/2bhe5sV_@5.10:WLpTGEJt@5.10/Chapter-5,0.9998851456596543,0.949752562373602
https://cnx.org/contents/Ax2o07Ul@16.17:6emIq2lA@8/23-6-Back-Emf,https://cnx.org/contents/jQSmhtXo@26.1:kTv7rIvo@7/23-6-Back-Emf,0.9656325616357524,0.9933061368860038
https://cnx.org/contents/bDIuMp-w@18.3:-tTwq1na@18.3/Key-Terms,https://cnx.org/contents/jVCgr5SL@15.43:hGPpOUhC@15.43/Key-Terms,0.9999994038038644,0.9961538461538447
https://cnx.org/contents/Ax2o07Ul@16.17:fw4CnbT6@16.17/Glossary,https://cnx.org/contents/jQSmhtXo@26.1:IS_tFIH0@26.1/Glossary,0.9999583335108669,0.9975407011004033
https://cnx.org/contents/bDIuMp-w@18.3:Oz_MCio-@18.3/Chapter-Summary,https://cnx.org/contents/jVCgr5SL@15.43:AAqlaPD0@15.43/Chapter-Summary,0.9818721224733334,0.9525240677325698
https://cnx.org/contents/Ax2o07Ul@16.17:yoM-3Q_t@16.17/Conceptual-Questions,https://cnx.org/contents/jQSmhtXo@26.1:RAzLHfQC@26.1/Conceptual-Questions,0.9999999999999997,0.9848759152257319
https://cnx.org/contents/jQSmhtXo@26.1:kTv7rIvo@7/23-6-Back-Emf,https://cnx.org/contents/Ax2o07Ul@16.17:6emIq2lA@8/23-6-Back-Emf,0.9656325616357524,0.9933061368860038
https://cnx.org/contents/Ax2o07Ul@16.17:KwoFDPHe@16.17/Section-Summary,https://cnx.org/contents/jQSmhtXo@26.1:v8_OTrg_@26.1/Section-Summary,0.980932452599564,0.9864999314070989
https://cnx.org/contents/jQSmhtXo@26.1:IS_tFIH0@26.1/Glossary,https://cnx.org/contents/Ax2o07Ul@16.17:fw4CnbT6@16.17/Glossary,0.9999583335108669,0.9975407011004033
https://cnx.org/contents/Ax2o07Ul@16.17:aZtlHBQA@6/26-6-Aberrations,https://cnx.org/contents/jQSmhtXo@26.1:-DwHSuk8@7/26-6-Aberrations,0.9869429675471963,0.993079501627003
https://cnx.org/contents/jQSmhtXo@26.1:RAzLHfQC@26.1/Conceptual-Questions,https://cnx.org/contents/Ax2o07Ul@16.17:yoM-3Q_t@16.17/Conceptual-Questions,0.9999999999999997,0.9848759152257319
https://cnx.org/contents/Ax2o07Ul@16.17:1b3GUlao@5/27-1-The-Wave-Aspect-of-Light-Interference,https://cnx.org/contents/jQSmhtXo@26.1:7RC6kIFJ@6/27-1-The-Wave-Aspect-of-Light-Interference,0.9848364892991512,0.9879252368790167
https://cnx.org/contents/bDIuMp-w@18.3:4Vprcn4J@18.3/Chapter-Summary,https://cnx.org/contents/jVCgr5SL@15.43:7Z0aO26-@15.43/Chapter-Summary,0.9987890973562298,0.9738977842465562
https://cnx.org/contents/jQSmhtXo@26.1:v8_OTrg_@26.1/Section-Summary,https://cnx.org/contents/Ax2o07Ul@16.17:KwoFDPHe@16.17/Section-Summary,0.980932452599564,0.9864999314070989
https://cnx.org/contents/bDIuMp-w@18.3:MrWJrGDP@18.3/Chapter-Summary,https://cnx.org/contents/jVCgr5SL@15.43:g3AqTkd-@15.43/Chapter-Summary,1.0000000000000004,0.9883527454242923
https://cnx.org/contents/jQSmhtXo@26.1:-DwHSuk8@7/26-6-Aberrations,https://cnx.org/contents/Ax2o07Ul@16.17:aZtlHBQA@6/26-6-Aberrations,0.9869429675471963,0.993079501627003
https://cnx.org/contents/bDIuMp-w@18.3:9miFUmIU@18.3/Chapter-Summary,https://cnx.org/contents/jVCgr5SL@15.43:7_1Uze-J@15.43/Chapter-Summary,1.0000000000000002,0.9859719438877763
https://cnx.org/contents/jQSmhtXo@26.1:7RC6kIFJ@6/27-1-The-Wave-Aspect-of-Light-Interference,https://cnx.org/contents/Ax2o07Ul@16.17:1b3GUlao@5/27-1-The-Wave-Aspect-of-Light-Interference,0.9848364892991512,0.9879252368790167
https://cnx.org/contents/jVCgr5SL@15.43:hGPpOUhC@15.43/Key-Terms,https://cnx.org/contents/bDIuMp-w@18.3:-tTwq1na@18.3/Key-Terms,0.9999994038038644,0.9961538461538447
https://cnx.org/contents/bDIuMp-w@18.3:Us39R9Eq@18.3/Chapter-Summary,https://cnx.org/contents/jVCgr5SL@15.43:8MM84uwX@15.43/Chapter-Summary,0.9999769731905349,0.970775878980274
https://cnx.org/contents/Ax2o07Ul@16.17:b4XIXcbE@16.17/Glossary,https://cnx.org/contents/jQSmhtXo@26.1:m2o73E6P@26.1/Glossary,0.9999999999999997,1.0000000000000082
https://cnx.org/contents/jVCgr5SL@15.43:AAqlaPD0@15.43/Chapter-Summary,https://cnx.org/contents/bDIuMp-w@18.3:Oz_MCio-@18.3/Chapter-Summary,0.9818721224733334,0.9525240677325698
https://cnx.org/contents/Ax2o07Ul@16.17:Ut8a0IE7@16.17/Glossary,https://cnx.org/contents/jQSmhtXo@26.1:6iVXsvq7@26.1/Glossary,0.9999999999999996,0.9960787377405332
https://cnx.org/contents/bDIuMp-w@18.3:FWpxkEU3@18.3/Key-Terms,https://cnx.org/contents/jVCgr5SL@15.43:7hqxip0d@15.43/Key-Terms,0.9999157571372028,0.9820228078611484
https://cnx.org/contents/bDIuMp-w@18.3:lPuPW3_2@18.3/Chapter-Summary,https://cnx.org/contents/jVCgr5SL@15.43:UO5OCTxv@15.43/Chapter-Summary,0.999998460985909,0.9671814671814657
https://cnx.org/contents/bDIuMp-w@18.3:sY6OQH3x@18.3/Key-Terms,https://cnx.org/contents/jVCgr5SL@15.43:_MPSQHgp@15.43/Key-Terms,0.9879847497396582,0.977467636791565
https://cnx.org/contents/bDIuMp-w@18.3:c9ala2mR@18.3/Chapter-Summary,https://cnx.org/contents/jVCgr5SL@15.43:TAiNakjG@15.43/Chapter-Summary,0.9557985509192816,0.9233961714585094
https://cnx.org/contents/jQSmhtXo@26.1:m2o73E6P@26.1/Glossary,https://cnx.org/contents/Ax2o07Ul@16.17:b4XIXcbE@16.17/Glossary,0.9999999999999997,1.0000000000000082
https://cnx.org/contents/jVCgr5SL@15.43:7Z0aO26-@15.43/Chapter-Summary,https://cnx.org/contents/bDIuMp-w@18.3:4Vprcn4J@18.3/Chapter-Summary,0.9987890973562298,0.9738977842465562
https://cnx.org/contents/Ax2o07Ul@16.17:Bi5GbFRC@16.17/Section-Summary,https://cnx.org/contents/jQSmhtXo@26.1:IC5vuQvz@26.1/Section-Summary,0.9999994829981349,1.0000000000000049
https://cnx.org/contents/jQSmhtXo@26.1:6iVXsvq7@26.1/Glossary,https://cnx.org/contents/Ax2o07Ul@16.17:Ut8a0IE7@16.17/Glossary,0.9999999999999996,0.9960787377405332
https://cnx.org/contents/jVCgr5SL@15.43:g3AqTkd-@15.43/Chapter-Summary,https://cnx.org/contents/bDIuMp-w@18.3:MrWJrGDP@18.3/Chapter-Summary,1.0000000000000004,0.9883527454242923
https://cnx.org/contents/Ax2o07Ul@16.17:JEBWU7ws@16.17/Glossary,https://cnx.org/contents/jQSmhtXo@26.1:QNOuIBoS@26.1/Glossary,0.9999816415423848,0.9999999999999962
https://cnx.org/contents/bDIuMp-w@18.3:tIyZOaQe@18.3/Key-Terms,https://cnx.org/contents/jVCgr5SL@15.43:kFfIohL9@15.43/Key-Terms,0.9766377457907757,0.9704521844928603
https://cnx.org/contents/jVCgr5SL@15.43:7_1Uze-J@15.43/Chapter-Summary,https://cnx.org/contents/bDIuMp-w@18.3:9miFUmIU@18.3/Chapter-Summary,1.0000000000000002,0.9859719438877763
https://cnx.org/contents/bDIuMp-w@18.3:W_eFHzuG@18.3/Chapter-Summary,https://cnx.org/contents/s8Hh0oOc@15.8:s7BlMz-8@15.8/Chapter-Summary,0.961141825996519,0.9163542007470509
https://cnx.org/contents/bDIuMp-w@18.3:W_eFHzuG@18.3/Chapter-Summary,https://cnx.org/contents/jVCgr5SL@15.43:cfC6aysJ@15.43/Chapter-Summary,0.9710482225141196,0.9234906245864891
https://cnx.org/contents/jVCgr5SL@15.43:8MM84uwX@15.43/Chapter-Summary,https://cnx.org/contents/bDIuMp-w@18.3:Us39R9Eq@18.3/Chapter-Summary,0.9999769731905349,0.970775878980274
https://cnx.org/contents/jQSmhtXo@26.1:IC5vuQvz@26.1/Section-Summary,https://cnx.org/contents/Ax2o07Ul@16.17:Bi5GbFRC@16.17/Section-Summary,0.9999994829981349,1.0000000000000049
https://cnx.org/contents/jQSmhtXo@26.1:QNOuIBoS@26.1/Glossary,https://cnx.org/contents/Ax2o07Ul@16.17:JEBWU7ws@16.17/Glossary,0.9999816415423848,0.9999999999999962
https://cnx.org/contents/jVCgr5SL@15.43:7hqxip0d@15.43/Key-Terms,https://cnx.org/contents/bDIuMp-w@18.3:FWpxkEU3@18.3/Key-Terms,0.9999157571372028,0.9820228078611484
https://cnx.org/contents/jVCgr5SL@15.43:UO5OCTxv@15.43/Chapter-Summary,https://cnx.org/contents/bDIuMp-w@18.3:lPuPW3_2@18.3/Chapter-Summary,0.999998460985909,0.9671814671814657
https://cnx.org/contents/jVCgr5SL@15.43:_MPSQHgp@15.43/Key-Terms,https://cnx.org/contents/bDIuMp-w@18.3:sY6OQH3x@18.3/Key-Terms,0.9879847497396582,0.977467636791565
https://cnx.org/contents/jVCgr5SL@15.43:TAiNakjG@15.43/Chapter-Summary,https://cnx.org/contents/bDIuMp-w@18.3:c9ala2mR@18.3/Chapter-Summary,0.9557985509192816,0.9233961714585094
https://cnx.org/contents/jVCgr5SL@15.43:kFfIohL9@15.43/Key-Terms,https://cnx.org/contents/bDIuMp-w@18.3:tIyZOaQe@18.3/Key-Terms,0.9766377457907757,0.9704521844928603
https://cnx.org/contents/jVCgr5SL@15.43:cfC6aysJ@15.43/Chapter-Summary,https://cnx.org/contents/bDIuMp-w@18.3:W_eFHzuG@18.3/Chapter-Summary,0.9710482225141196,0.9234906245864891
